Flowcell: C3DTWACXX 1x100 Yang Methylseq original run,,,,,,,,,,,,,
/illumina/runs/140117_7001413_0116_AC3DTWACXX/Data/Intensities/BaseCalls/Unaligned/Project_Yang/,,,,,,,,,,,,,
Barcode lane statistics,,,,,,,,,,,,,
,,,,,,,,,,,,,
Lane,Sample ID,Sample Ref,Index,Control,Project,Yield (Mbases),% PF,# Reads,% of raw clusters per lane,% Perfect Index Reads,% One Mismatch Reads (Index),% of >= Q30 Bases (PF),Mean Quality Score (PF)
1,1_4,Mouse,GATCAG,L6,Yang,1345,100,13314163,10.69,91.22,8.78,83.76,33.93
1,2_1,Mouse,TAGCTT,L6,Yang,1297,100,12837971,10.31,97.46,2.54,83.5,33.86
1,2_6,Mouse,GGCTAC,L6,Yang,887,100,8779394,7.05,88.02,11.98,83.52,33.87
1,37400,Mouse,ACAGTG,L6,Yang,731,100,7235721,5.81,98.13,1.87,83.36,33.79
1,38371,Mouse,ATCACG,L6,Yang,1216,100,12042449,9.67,98.03,1.97,83.64,33.9
1,38374,Mouse,CGATGT,L6,Yang,1195,100,11835845,9.5,94.66,5.34,83.74,33.92
1,38405,Mouse,TTAGGC,L6,Yang,1039,100,10285792,8.26,96.27,3.73,82.62,33.61
1,38473,Mouse,GCCAAT,L6,Yang,1493,100,14783982,11.87,91.86,8.14,83.13,33.72
1,38477,Mouse,CAGATC,L6,Yang,973,100,9629601,7.73,97.22,2.78,83.22,33.76
1,38481,Mouse,TGACCA,L6,Yang,278,100,2749053,2.21,93.55,6.45,83.44,33.85
1,38488,Mouse,ACTTGA,L6,Yang,1064,100,10538351,8.46,97.89,2.11,83.89,33.96
1,3_3,Mouse,CTTGTA,L6,Yang,729,100,7216587,5.8,95.65,4.35,83.72,33.92
1,lane1,unknown,Undetermined,N,Undetermined_indices,331,100,3279332,2.63,0,0,79.71,32.31
2,1_4,Mouse,GATCAG,L6,Yang,1311,100,12978454,10.64,91.21,8.79,82.53,33.69
2,2_1,Mouse,TAGCTT,L6,Yang,1270,100,12574447,10.31,97.34,2.66,82.25,33.62
2,2_6,Mouse,GGCTAC,L6,Yang,872,100,8632693,7.08,88.05,11.95,82.28,33.63
2,37400,Mouse,ACAGTG,L6,Yang,714,100,7072048,5.8,98.06,1.94,82.14,33.55
2,38371,Mouse,ATCACG,L6,Yang,1196,100,11845911,9.72,97.9,2.1,82.41,33.66
2,38374,Mouse,CGATGT,L6,Yang,1181,100,11690846,9.59,94.57,5.43,82.52,33.68
2,38405,Mouse,TTAGGC,L6,Yang,1019,100,10093058,8.28,96.18,3.82,81.34,33.36
2,38473,Mouse,GCCAAT,L6,Yang,1458,100,14432174,11.84,91.89,8.11,81.91,33.48
2,38477,Mouse,CAGATC,L6,Yang,956,100,9462592,7.76,97.13,2.87,81.98,33.52
2,38481,Mouse,TGACCA,L6,Yang,273,100,2706724,2.22,93.48,6.52,82.19,33.6
2,38488,Mouse,ACTTGA,L6,Yang,1037,100,10269043,8.42,97.82,2.18,82.66,33.73
2,3_3,Mouse,CTTGTA,L6,Yang,714,100,7067573,5.8,95.63,4.37,82.48,33.68
2,lane2,unknown,Undetermined,N,Undetermined_indices,314,100,3108645,2.55,0,0,77.41,31.66
3,1_5,Mouse,GATCAG,L6,Yang,1102,100,10907322,6.89,86.65,13.35,79.82,33.06
3,2_2,Mouse,TAGCTT,L6,Yang,1115,100,11039300,6.97,96.97,3.03,79.89,33.08
3,2_7,Mouse,GGCTAC,L6,Yang,1195,100,11835168,7.47,89.25,10.75,79.71,33.03
3,38373,Mouse,ATCACG,L6,Yang,1566,100,15504911,9.79,97.59,2.41,79.93,33.09
3,38383,Mouse,CGATGT,L6,Yang,1556,100,15410854,9.73,94.28,5.72,79.73,33.04
3,38392,Mouse,TTAGGC,L6,Yang,1468,100,14537693,9.18,95.59,4.41,79.25,32.86
3,38399,Mouse,ACAGTG,L6,Yang,836,100,8272925,5.22,97.51,2.49,79.45,32.92
3,38478,Mouse,CAGATC,L6,Yang,1206,100,11936094,7.54,96.85,3.15,79.44,32.92
3,38482,Mouse,GCCAAT,L6,Yang,1494,100,14795652,9.34,90.58,9.42,79.82,33.06
3,38489,Mouse,ACTTGA,L6,Yang,1334,100,13206789,8.34,97.48,2.52,80.14,33.14
3,38490,Mouse,TGACCA,L6,Yang,1634,100,16180180,10.22,93.57,6.43,79.51,32.98
3,3_4,Mouse,CTTGTA,L6,Yang,1039,100,10284087,6.49,95.26,4.74,79.93,33.09
3,lane3,unknown,Undetermined,N,Undetermined_indices,448,100,4437587,2.8,0,0,74.79,31.02
4,1_5,Mouse,GATCAG,L6,Yang,1090,100,10793740,6.84,86.61,13.39,78.68,32.84
4,2_2,Mouse,TAGCTT,L6,Yang,1109,100,10977634,6.96,96.7,3.3,78.7,32.85
4,2_7,Mouse,GGCTAC,L6,Yang,1204,100,11917188,7.56,89.21,10.79,78.57,32.81
4,38373,Mouse,ATCACG,L6,Yang,1545,100,15292616,9.7,97.53,2.47,78.79,32.87
4,38383,Mouse,CGATGT,L6,Yang,1549,100,15334810,9.72,94.04,5.96,78.59,32.82
4,38392,Mouse,TTAGGC,L6,Yang,1465,100,14507005,9.2,95.62,4.38,78.09,32.64
4,38399,Mouse,ACAGTG,L6,Yang,824,100,8157433,5.17,97.46,2.54,78.24,32.68
4,38478,Mouse,CAGATC,L6,Yang,1205,100,11927848,7.56,96.67,3.33,78.3,32.7
4,38482,Mouse,GCCAAT,L6,Yang,1504,100,14886381,9.44,90.51,9.49,78.68,32.84
4,38489,Mouse,ACTTGA,L6,Yang,1347,100,13333800,8.46,97.26,2.74,78.97,32.92
4,38490,Mouse,TGACCA,L6,Yang,1634,100,16176122,10.26,93.42,6.58,78.37,32.77
4,3_4,Mouse,CTTGTA,L6,Yang,1033,100,10224039,6.48,95.15,4.85,78.78,32.87
4,lane4,unknown,Undetermined,N,Undetermined_indices,421,100,4170788,2.64,0,0,74.06,30.97
5,1_1,Mouse,ACTTGA,L6,Yang,1413,100,13987500,11,97.95,2.05,83,33.75
5,1_6,Mouse,GATCAG,L6,Yang,949,100,9397569,7.39,86.78,13.22,82.97,33.75
5,2_3,Mouse,TAGCTT,L6,Yang,635,100,6283384,4.94,97.41,2.59,83.08,33.78
5,2_8,Mouse,GGCTAC,L6,Yang,1123,100,11119150,8.74,88.63,11.37,82.81,33.7
5,38391,Mouse,ATCACG,L6,Yang,1497,100,14819493,11.65,98.06,1.94,82.36,33.54
5,38395,Mouse,CGATGT,L6,Yang,446,100,4418506,3.47,94.64,5.36,82.59,33.59
5,38401,Mouse,TTAGGC,L6,Yang,1368,100,13548107,10.65,96.65,3.35,82.44,33.57
5,38411,Mouse,ACAGTG,L6,Yang,1185,100,11729331,9.22,97.93,2.07,81.87,33.45
5,38483,Mouse,GCCAAT,L6,Yang,1297,100,12838400,10.09,91.69,8.31,83,33.75
5,38485,Mouse,CAGATC,L6,Yang,1191,100,11794249,9.27,97.32,2.68,83.19,33.8
5,38492,Mouse,TGACCA,L6,Yang,1406,100,13923703,10.95,93.89,6.11,83.07,33.77
5,lane5,unknown,Undetermined,N,Undetermined_indices,337,100,3341568,2.63,0,0,77.21,31.5
6,1_1,Mouse,ACTTGA,L6,Yang,1395,100,13816604,10.91,98.04,1.96,81.87,33.52
6,1_6,Mouse,GATCAG,L6,Yang,954,100,9449843,7.46,86.94,13.06,81.82,33.52
6,2_3,Mouse,TAGCTT,L6,Yang,632,100,6259714,4.94,97.5,2.5,81.96,33.55
6,2_8,Mouse,GGCTAC,L6,Yang,1118,100,11072318,8.74,88.78,11.22,81.66,33.46
6,38391,Mouse,ATCACG,L6,Yang,1507,100,14921815,11.78,98.14,1.86,81.27,33.31
6,38395,Mouse,CGATGT,L6,Yang,444,100,4391137,3.47,94.71,5.29,81.47,33.36
6,38401,Mouse,TTAGGC,L6,Yang,1362,100,13489669,10.65,96.66,3.34,81.39,33.36
6,38411,Mouse,ACAGTG,L6,Yang,1189,100,11768469,9.29,98,2,80.66,33.2
6,38483,Mouse,GCCAAT,L6,Yang,1284,100,12711024,10.03,91.77,8.23,81.87,33.52
6,38485,Mouse,CAGATC,L6,Yang,1181,100,11694588,9.23,97.38,2.62,82.04,33.57
6,38492,Mouse,TGACCA,L6,Yang,1396,100,13818504,10.91,93.96,6.04,81.91,33.53
6,lane6,unknown,Undetermined,N,Undetermined_indices,332,100,3290976,2.6,0,0,76,31.23
7,1_2,Mouse,ACTTGA,L6,Yang,1846,100,18276556,10.42,97.86,2.14,79.5,32.97
7,1_7,Mouse,GATCAG,L6,Yang,1272,100,12591046,7.18,91.21,8.79,79.73,33.03
7,2_4,Mouse,TAGCTT,L6,Yang,1566,100,15509693,8.84,97.5,2.5,79.77,33.05
7,37479,Mouse,GCCAAT,L6,Yang,1342,100,13289562,7.58,89.12,10.88,79.19,32.88
7,38396,Mouse,ATCACG,L6,Yang,1705,100,16877369,9.62,97.98,2.02,78.79,32.72
7,38398,Mouse,CGATGT,L6,Yang,1014,100,10043731,5.73,94.41,5.59,79.9,33.02
7,38418,Mouse,ACAGTG,L6,Yang,2240,100,22179048,12.64,97.97,2.03,78.43,32.67
7,38474,Mouse,TTAGGC,L6,Yang,1751,100,17337573,9.88,96.37,3.63,78.53,32.72
7,38486,Mouse,CAGATC,L6,Yang,1361,100,13473714,7.68,97.2,2.8,80.05,33.12
7,38493,Mouse,TGACCA,L6,Yang,1600,100,15844349,9.03,94.11,5.89,79.82,33.06
7,3_1,Mouse,GGCTAC,L6,Yang,1565,100,15499593,8.84,90.09,9.91,79.57,32.98
7,lane7,unknown,Undetermined,N,Undetermined_indices,453,100,4481340,2.55,0,0,74.87,31.14
8,1_2,Mouse,ACTTGA,L6,Yang,1829,100,18109550,10.49,97.83,2.17,78.46,32.77
8,1_7,Mouse,GATCAG,L6,Yang,1249,100,12367529,7.16,91.15,8.85,78.68,32.83
8,2_4,Mouse,TAGCTT,L6,Yang,1542,100,15270574,8.84,97.48,2.52,78.72,32.85
8,37479,Mouse,GCCAAT,L6,Yang,1326,100,13126150,7.6,89.09,10.91,78.13,32.68
8,38396,Mouse,ATCACG,L6,Yang,1668,100,16511940,9.56,97.99,2.01,77.77,32.52
8,38398,Mouse,CGATGT,L6,Yang,1000,100,9902320,5.74,94.4,5.6,78.92,32.83
8,38418,Mouse,ACAGTG,L6,Yang,2199,100,21768666,12.61,97.97,2.03,77.33,32.46
8,38474,Mouse,TTAGGC,L6,Yang,1716,100,16988686,9.84,96.39,3.61,77.42,32.51
8,38486,Mouse,CAGATC,L6,Yang,1342,100,13287689,7.7,97.22,2.78,79.02,32.92
8,38493,Mouse,TGACCA,L6,Yang,1575,100,15593400,9.03,94.12,5.88,78.78,32.86
8,3_1,Mouse,GGCTAC,L6,Yang,1542,100,15270567,8.84,90.11,9.89,78.53,32.79
8,lane8,unknown,Undetermined,N,Undetermined_indices,449,100,4449614,2.58,0,0,74.02,31.01
